Comment ID,Commenter Name,Comment Text,Comment Time
5.99E+14,Kamalesh Mondal,"ধৈর্যের সীমা অতিক্রম করে ফেলেছে বাংলাদেশ
এবার এর যোগ্য জবাব দিতেই হবে",12/8/2024 11:00
1.53E+15,Subol  Mondal,ভারত এনি টাইম রেডি ।তোরা আহ ভাতিজা আহ।🚩🚩,12/8/2024 9:00
1.12E+15,Robi Bepari,হাসি পাচ্ছে,12/8/2024 9:00
1.11E+15,Prasen Jit Das,দাদু তো ভালো স্বপ্ন দেখতেছে,12/8/2024 9:00
9.30E+14,Abdul Khalek Sardar,"সুকান্ত মজুমদার ঠিক বলেছেন
আমাদের সিভিক ভলেন্টিয়ার
মুখো মুখি করার শক্তি নেই",12/8/2024 14:00
8.96E+14,Tina Tina Tina,পাগল নাকি কি জানি,12/8/2024 9:00
1.72E+15,Jannatara Shayla,"বয়স্ক লোক কি বলতে কি বলে ছে মনে কিছু করবেন না,",12/8/2024 16:00
3.90E+15,Asimrudra Asimrudra,তো বাবা লোম থাকে বডার পার হয়ে দেখা ভারত মাতার জয় 🇪🇬,12/8/2024 13:00
9.87E+14,Avirup Pal,এনার নার্ভের পোবলেম আছে,12/8/2024 13:00
1.10E+15,Chaitanya Karmakar,বাংলাদেশের মুশলীমর ভাইয়েরা ইউনিশের মতলব বুঝতে পারছে না?,12/8/2024 9:00
1.15E+15,Sarajit Mandal,Tor to hata chalari khamota Ney tui abar Kolkata ki dakhol korbi,12/8/2024 14:00
8.78E+14,Suurajit Das,Mal tar heart attack hoye jabe to,12/8/2024 9:00
1.94E+15,Ãpürbå Møñdãl,Bangladesh k map theke urie din,12/8/2024 14:00
4.92E+14,Imran Khan,জেগে স্বপ্ন দেখা ভালো না,12/8/2024 13:00
1.09E+15,Shyamal Bapari,Nijei cholte pare na abar kolkata dakhol korbe,12/8/2024 14:00
2.29E+15,Biswanath Roy,Kolkata dokhol korbe 😃😃😃😃😃🖕,12/8/2024 9:00
9.18E+14,Raj Kumar Raj Kumar,এতো হাসি খবর কখনো শুনিনি,12/8/2024 13:00
1.08E+15,Shankar Sheet,ওর একটা তারকাটা আছে,12/8/2024 13:00
5.91E+14,Unuch Ali,এখন কি এরা রাস্তায় হেঁটে হেঁটেও স্বপ্ন দেখে নাকি 🤣😂,12/8/2024 16:00
1.67E+15,Sampad Giri Nandan,ওকে তাড়াতাড়ি ব্রেনের ডাক্তার দেখাও,12/8/2024 16:00
5.93E+14,শেখ মোহাম্মাদ সুজন,কলকাতা দখল হয়ে যাবে,12/8/2024 9:00
1.34E+15,Pradip Barman,Tor after dwom,12/8/2024 19:00
1.10E+15,Suvankar Bera,Joy joy sree ram ♈,12/8/2024 21:00
2.08E+15,Dentists Dentists,"লম্বাই জমবে কুত্তার নাম বাঘা
সৌজন্যে কুত্তা মুহাম্মদ ইউনুস",12/8/2024 10:00
1.62E+15,Sushanta Bhunia,Toder Ke Amader West Bangol Police Pathiye Dile Ses Hoye Jabe ? Jawan Vai To Ache Unader Lagbe Na Ami Mone Kori Joy Hindi? Joy Bangla,12/8/2024 13:00
6.17E+14,Subrata Naskar,"মানুষিক ভারসাম্যহীন
হিসু করে দিলে সব মাছের পেটে
চলে যাবে 😄😁",12/8/2024 9:00
4.05E+15,Kartick Bhattacharjee,কেন প্রত্যেক পাগলের কথায় মাথা গামাচ্ছেন যেটা করলে সমাধান হবে সেটাই করুন।।। দরকার হলে উচিত শিক্ষা দিন যেন মুখ তুলে কথা বলতে না পারে,12/8/2024 12:00
1.09E+15,Mithun Acharya,"Baraha Nandan.
Kolkata Paa dile Puro Tai Kete Bad Diye Debo",12/8/2024 10:00
1.11E+15,Sanjay Mitra,"Firhad o homayun k dekhe sikchehe.vharat
er dudel ra j kotha bole eber bujun kader jonno hindhuder ekjot hote hobe.sala eto for for koro na hard bloked hole India te uste hobe tokhon ki hobe seta to aser pore bujbe.",12/8/2024 9:00
1.23E+15,Bishnu Kumar Roy,Oto ktha bltei hatu kape,12/8/2024 10:00
3.76E+15,Niladri Nag,O bal chirbe.,12/8/2024 9:00
1.32E+15,Kamal Khan,তোদের চ্যানেলের নাম হওয়া দরকার রিপাবলিক টয়লেট বাংলাদেশের সবাই হাগু করতে পারে যেমন,12/8/2024 9:00
2.63E+15,Mûkãddèß Sk,বাংলাদেশের লোকরা সব ক্ষ্যাপা হয়ে গেছে নাকি ইন্ডিয়া কত বড় জানেনা ছাড়া একবার,12/8/2024 12:00
4.72E+14,Ashish Vishwash,তোদের ধোনের চামরা আগে দখল করে দেখা,12/8/2024 17:00
1.10E+15,Palash Bagdi,বাল ছেরার খমতা নেই আবার হোল ধরে টানাটানি করে,12/8/2024 13:00
1.53E+15,Bilash Mondal,ওরা বাল ছিরবে,12/8/2024 22:00
6.33E+14,Salauddin Goldar,Morko bongla das,12/8/2024 16:00
8.59E+15,Chakma Upam,ঐ তা একটা রামপাদা,12/8/2024 22:00
1.31E+15,Kamal Khan,সকালে ঘুম ভাঙছে একটু আর বাংলা টয়লেটে হাগু করতে চাই,12/8/2024 9:00
2.26E+15,Sanot Biswas,😮‍💨Tar kata Bangladesh 😆😂,12/8/2024 9:00
1.03E+15,Mûkãddèß Sk,আরে ওরা ক্ষ্যাপা হয়ে গেছে কানের নিচে দু বাড়ি করে পল্লী ওরা ঠিক হয়ে যাবে,12/8/2024 12:00
2.30E+15,Mohammad Shohag,সিরিয়ার অবস্থা দেখছোনি বাবুরা তোমাদেরও এরকম অবস্থা হবে ইনশাআল্লাহ,12/8/2024 9:00
1.85E+15,Deep Pandit,Amra daria mute dile vese jabe 😂😂,12/8/2024 9:00
4.98E+14,Akter Hossain,Lagokh,12/8/2024 9:00
1.11E+15,Astik Das,এক পা কবরে এক পা বাইরে মুখ দিয়ে ঠিকঠাক কথা বেরোয় না সে নাকি কলকাতা দখল করবে,12/8/2024 11:00
4.51E+14,Shikha Saha,"পাগলে কি না বলে,, ছাগলে কি না খাই",12/8/2024 15:00
3.87E+15,Kanchan Mohonto,dadur natni mne hoy paliye gece tai vul boktece,12/8/2024 9:00
3.12E+15,Prabir Kumar,Jal kha kanladesh,12/8/2024 13:00
1.10E+15,Tapas Mandal,Bal chire nibe,12/8/2024 20:00
1.57E+15,Amit Ray,Madar chud ganme padeka vhul jayga kolkata,12/8/2024 20:00
1.29E+15,Joyanta Sarkar,Joyseram,12/8/2024 10:00
1.23E+15,Sãd Îñdrã,Sopno dekha valo kintu seta puron asomvob,12/8/2024 13:00
5.68E+14,Prasenjit Roy,মাল টা মনে হয় গাঁজা খায়,12/8/2024 21:00
1.75E+15,Sanjib Sarkar,"O .....binashkale
biporit buddhe....",12/8/2024 14:00
1.31E+15,Nipa Dey,জয় শ্রীরাম 🚩🚩🚩,12/8/2024 10:00
1.03E+15,Pabitra Barman,এভাবেই এরা ভারত বিরোধী হয়ে ভারতকে সব সময় ঝামেলায় ফেলার চেষ্টা করবে।❤️ এই ধর্মটাই এইরকম।।,12/8/2024 9:00
6.24E+14,Mafikul Islam,বাংলাদেশর বাবার কোলকাতা যে দকল করবে।,12/8/2024 9:00
1.26E+15,Norottom Das,কলকাতা যে ভাবে মুসলিমরা বৃদ্ধি পাচ্ছে তাতে এক সময় কলকাতা মুসলিমরা দখল করবে,12/8/2024 9:00
2.02E+15,Gour Biswas,"এমন ভাবে কথা বলছেন মনে হচ্ছে কলকাতায় ওনাদের লোকজন অনেক আগে গোপনে পৌঁছে দিয়েছে
ভারত সরকারে এখন একটা কাজ NIA দিয়ে বাংলাদেশের এক শ্রেণী মানুষ গুলো কে খুঁজে বের করতে হবে সরকারে আর হাত গুটিয়ে বসে থাকলে হবে না
রাজ্য ও কেন্দ্র যৌথভাবে প্রশাসনের কাজে লাগিয়ে দুষ্টু মানুষ গুলো গ্রেপ্তার করতে হবে",12/8/2024 10:00
6.03E+14,Sudipta Dakua,ওরা পাগল😂😂😅,12/8/2024 13:00
4.47E+14,Tipu Chaudhary Tc,"হাসিয়ে উড়িয়ে দিবেন না, এখন এই যা যা পদক্ষেপ দরকার করে নিই, না হলে পরে পস্তাতে হবে।",12/8/2024 9:00
5.85E+14,Nayan Debnath,"লন্ডনে যেয়ে তোমার বাপ পোদে দিয়ে বাঁশ ঠেলে দেবো। যদি বাংলাদেশের ছেলে থাকো তাহলে আমরা পাঁচ মিনিটের মধ্যে তোমাদের বাংলাদেশ দখল করতে পারি কারণ তোমরা হচ্ছে নিশ্চয়ই মানুষ তোমাদের সঙ্গে কথা বলা না বলে একই কথা পাগল চ**** মত কথা বলিস না যদি কলকাতা দখল করতে আসিস তোদের সবার প্রতি দিয়ে বাঁশ ঠেলে এমনভাবে খাড়ি করে দেবে বাংলাদেশের সব থেকে উচু টাওয়ার যেটা আছে সেটা দেখো দেখতে পারবে যে ওয়েস্ট বেঙ্গল কলকাতার মধ্যে তোদেরকে কেমন করে খারাপ করে রাখছি পাগলচোদা বাংলাদেশী তোদের কোন মানবতা জ্ঞান নয় তোরা খালি উল্টাপাল্টা বকতে পারিস তোদের ভালো করে একটা কোশ্চেন থাপ্পর দিলে তোদের আর মুখ দিয়ে রক্ত বেরিয়ে তোরা মরে যাবি তারপরও তারা উল্টা পাল্টা কথা বলিস। খালি মুখে দাড়ি থাকলে বড় হওয়া যায় না তোদের বুদ্ধি হাঁটুর নিচে থাকে মেয়ে মানুষের মত কারন বাংলাদেশের যত পাগল আছে সব হয়েছে পাগল বাংলাদেশের মানুষ হলো আচোদা বাংলাদেশের মানুষগুলো গান্ডুচোদা বাংলাদেশের মানুষ মাদারচোদ।ইন্ডিয
়ার মানুষ যদি ভাল করে মুতে দে তোরা ভেসে চলে যাবে কারণ আমাদের পশ্চিমবঙ্গের মধ্যে যত মানুষ আছে তোদের বাংলাদেশ হত মানুষ নেই আমাদের পশ্চিমবঙ্গের মানুষ যদি খালি লাঠি নিয়ে বের হয় তারপরও তোরা মরে যাবি তোরা ভাবতে পারিস না তোদের এত সাহস কোথা থেকে আসে চিনার বাংলা পাকিস্তান থেকে যে সাহসগুলো আছে কারণ তারা তোদের কোন সাহায্য করবে না কারণ ইন্ডিয়া এত বড় একটা কারণটি তারা তাদের সঙ্গে তোরা কি পারবে তাদের মানবতা কোনো জ্ঞানই নেই পাগলচোদা",12/8/2024 20:00
2.62E+15,Ajoy Kumar Das,"He has gone berserk and completely mad, suffering from inferior complex ,needs a suitable lunatic Asylum.",12/8/2024 10:00
8.90E+15,Dipak Roy,Baba hoy baba hoy chele chele hoy I love india🇮🇳🇮🇳,12/8/2024 15:00
6.04E+14,Ranjit Roy Basunia,I love india,12/8/2024 21:00
9.60E+14,Zariaa Hassan Mihi,"বিহার, ত্রিপুরা, বাংলা, আসাম, মনিপুর, উড়িষ্যা বাংলাদেশের",12/8/2024 9:00
1.69E+15,Raj Kumar Sharma,"ওনার কথায় যুক্তি থাকলেও থাকতে পারে বিশেষ করে এপারের বাংলার ক্ষেত্রে কারণ আমাদের রাজ্যে কিন্তু বাংলাদেশি রোহিঙ্গায় ভোরে গেছে ।।। তার উপর ওনার অদৃশ্য হাত তো রয়েছেই।। ভুলে গেলে চলবে না এই পার বাংলার স্লোগানও কিন্তু "" জয় বাংলা""...🤔🤔🤔 ব্যাপারটা কিন্তু ভাববার বিষয়",12/8/2024 9:00
1.84E+15,MaalmineRose Yaondura,Sisters my video Nice please nwe video all-time please sister my love thanks harekrishna harekrishna harekrishna harekrishna harekrishna harekrishna I love you so much sister my love thanks India 🇮🇳 I love you so much sister my love thanks,12/8/2024 9:00
5.92E+14,Sima Rani Karmokar,"সবার কথা শুনতে নেই!
তবে,লিখে রাখা ভালো।",12/8/2024 10:00
4.50E+14,Md Arif,"ঘর আছে টয়লেট নাই,
নাগরিকত্ব আছে দাম নাই,
নদী আছে ইলিশ নাই,
মা আছে বাবা নাই,
মাথা আছে ব্রেইন নাই,
জ্ঞান আছে বুদ্ধি নাই,
টাকা আছে কৃপণতার শেষ নাই,
খাবার থাকতেও গোবর খায়,
কোন দেশ এটা আপনি ঠিকই বুঝতে পারছেন!
ধন্যবাদ",12/8/2024 11:00
1.23E+15,ßr Rana,"আমি হয়তো একদিন থাকবো না কিন্তু আমার কমেন্ট গুলো থাকবে আর আমার পরের প্রজন্ম আমার কমেন্ট গুলো পড়বে তাই আমি সাক্ষী দিচ্ছি আল্লাহ ছাড়া কোন মাবুদ নাই হযরত মুহাম্মাদ সাঃ আল্লাহর বান্দা ও রাসূল☺️
📢কালেমার দাওয়াত দিয়ে গেলাম.!
لا إله إلا الله محمد رسول اللّه
""লা ইলাহা ইল্লাল্লাহু মুহাম্মাদুর রাসুলুল্লাহ""
🥰""𝐀𝐥𝐡𝐚𝐦𝐝𝐮𝐥𝐢𝐥𝐥𝐚𝐡""🥰ইতি-মিজানুর রহমান
🖤🍁কালেমার দাওয়াত দিয়ে গেলাম.!
لا إله إلا الله محمد رسول اللّه
""লা ইলাহা ইল্লাল্লাহু মুহাম্মাদুর রাসুলুল্লাহ""
🥰""𝐀𝐥𝐡𝐚𝐦𝐝𝐮𝐥𝐢𝐥𝐥𝐚𝐡""🥰
🖤🍁কালেমার দাওয়াত দিয়ে গেলাম.!
لا إله إلا الله محمد رسول اللّه
""লা ইলাহা ইল্লাল্লাহু মুহাম্মাদুর রাসুলুল্লাহ""
🥰""𝐀𝐥𝐡𝐚𝐦𝐝𝐮𝐥𝐢𝐥𝐥𝐚𝐡""🥰
🖤🍁আমি হয়তো একদিন থাকবো না কিন্তু আমার কমেন্ট গুলো থাকবে আর আমার পরের প্রজন্ম আমার কমেন্ট গুলো পড়বে তাই আমি সাক্ষী দিচ্ছি আল্লাহ ছাড়া কোন মাবুদ নাই হযরত মুহাম্মাদ সাঃ আল্লাহর বান্দা ও রাসূল☺️
📢কালেমার দাওয়াত দিয়ে গেলাম.!
لا إله إلا الله محمد رسول اللّه
""লা ইলাহা ইল্লাল্লাহু মুহাম্মাদুর রাসুলুল্লাহ""
🥰""𝐀𝐥𝐡𝐚𝐦𝐝𝐮𝐥𝐢𝐥𝐥𝐚𝐡""🥰মিজানুর রহমান
🖤🍁কালেমার দাওয়াত দিয়ে গেলাম.!
لا إله إلا الله محمد رسول اللّه
""লা ইলাহা ইল্লাল্লাহু মুহাম্মাদুর রাসুলুল্লাহ""
🥰""𝐀𝐥𝐡𝐚𝐦𝐝𝐮𝐥𝐢𝐥𝐥𝐚𝐡""🥰
🖤🍁কালেমার দাওয়াত দিয়ে গেলাম.!
لا إله إلا الله محمد رسول اللّه
""লা ইলাহা ইল্লাল্লাহু মুহাম্মাদুর রাসুলুল্লাহ""
🥰""𝐀𝐥𝐡𝐚𝐦𝐝𝐮𝐥𝐢𝐥𝐥𝐚𝐡""🥰
🖤🍁",12/8/2024 11:00
1.10E+15,Goutam Das,লন্ডন থেকে এসে এই শিক্ষা দিচ্ছে বাংলাদেশ কে,12/8/2024 12:00
8.30E+14,MH TV,আপনারা একটা পায়খানা তৈরি করতে পারেন না,12/8/2024 10:00
1.19E+15,Madan Nandi,জয় শ্রী রাম,12/8/2024 10:00
1.27E+15,Supada Mondal,তোদের বাল মনে করি।বালের আবার জুলপি,12/8/2024 15:00
8.92E+15,শেখ মোহাম্মাদ সুজন,মলম বিক্রেতার সাংবাদিক,12/8/2024 9:00
1.30E+15,Swapan Chakarborty,বাংলাদেশ দিবাস্বপ্ন দেখছি,12/8/2024 9:00
5.30E+14,Manouar Hossain,"ওর ওপরে যাবার সময় হয়েগেছে, ওই কারণে ভুল ভাল বকছে",12/8/2024 19:00
1.73E+15,Dabu Das,জয়শ্রীরাম📢📢📢📢📢,12/8/2024 10:00
1.24E+15,Sumanta Hajra,জয় শ্রীরাম 🙏🙏🙏,12/8/2024 16:00
5.45E+14,Sangita Mali,Bangladesh mental,12/8/2024 13:00
5.65E+14,Shubho Shubho,একবার সাধারণ মানুষকে ছেরে দিন বাংলাদেশের দিকে।,12/8/2024 13:00
1.31E+15,Raju Ahmed,ওই হইলো আসল রাজাকার,12/8/2024 9:00
1.80E+15,Kamal Ghosh,India mone kole24 ghata somoy lagbe na. Badar.,12/8/2024 11:00
9.42E+14,Appu Biswas,সপ্ন আর স্বপ্নদোষ অনেকটাই আলাদা 😂😂😂😂,12/8/2024 11:00
5.94E+14,Ajay Ajay,এই কুত্তার বাচ্চার কথা শুনে হাসি পাচ্ছে।,12/8/2024 14:00
8.95E+15,Sukhendu Bera,"উনি মনে হয় মদ্যপ অবস্থায় ঘুমোচ্ছেন।মোদিক
ে একদম ঘটাবেন না।তাহলে পুরো দেশ টা না উঠে যায়।",12/8/2024 14:00
5.93E+14,Robin Mojumdur,কলকাতা দখল করার আগে চাচার বিচি খুঁজে খুঁজে পাওয়া যাবে,12/8/2024 10:00
1.63E+15,Ajit Kumar Roy,I love my India,12/8/2024 22:00
5.86E+14,Bivash Debnth,জয় শ্রী রাম,12/8/2024 11:00
2.48E+15,Surjo Roy,"আমি একজন ভারত মা এর সন্তান, তবুও বলছি kolkata দখল হতেও পারে।
কারণ :-ভারত মায়ের বুঁকের ওপর প্রচুর ভারত বিরোধী মনোভাব সম্পূর্ণ মানুষ বসে বসে কাবাব খাচ্ছে।
ভারতের মাঝে বসে আছে ভারত বিরোধী বহু রাজনৈতিক নেতা।
তবে এটাও ঠিক ভারত মায়ের জন্যে প্রাণ দিতে ও নিতেও প্রস্তুত প্রচুর ভারত মায়ের সন্তান,জয় MAA ভবানী",12/8/2024 10:00
5.30E+14,Soumen Ghosh,Joy Sree,12/8/2024 18:00
3.35E+15,Ajoy Kumar Das,2nd yunus of Bangladesh,12/8/2024 10:00
1.27E+15,Islamic Speech BD,আরে বলদ আমরা তোদের মত না খেয়ে নাই।,12/8/2024 11:00
1.13E+15,Ranajit Chatterjee,"OI MAAL TA AAMADER EKJON NSG K DEKHLEI HEART FAIL KORBEY.

PRADIP NIVE JAWAR AAGEY DAU DAU JOLEY TAR DHAP KOREY NIVE JAI, THIK SEI SITUATION",12/8/2024 10:00
2.79E+15,Prantik Das,"Hati chola bazar kurta voka hazar bangladas

I love u India joy sree ram",12/8/2024 10:00
8.56E+15,Kushal Golder,অপেক্ষার অবসান ঘটানো হোক ...🌸,12/8/2024 23:00
6.10E+14,Revan Pramanik,আমরাও জানি বাংলাদেশ কিভাবে দখল করতেই হয় 💥💣👉🏻💣,12/8/2024 17:00
1.26E+15,Tanmoy Halder,Tomra Balar sayanik,12/8/2024 15:00
1.11E+15,Basudeb Karmakar,"চাচা সঠিক ভাবে হাটতে পারেন না
কোলকাতা দখল করবে।
আগে লঙ্কার চাষ করেন চাচা",12/8/2024 9:00
2.52E+15,Debjit Pal,বাংলায় একটা অনুবাদ আছে পিপীলিকার পাখা গজায় মদিনার তলে এই বাংলাদেশে সব একরকম তারকাটা পাগলামি,12/8/2024 14:00
8.88E+14,Sourav Mondal Gopal,তুই লন্ডনে থাকো আর উগান্ডায় থাকো আগে আহো ভাতিজা যখন ইন্ডিয়ান আর্মির সামনে পড়বে সব ভুলে যাবে যে কোথায় ছিলে 😂,12/8/2024 13:00
2.32E+15,Subhendu Sheth,"দোষটা ওদের নয়, দোষটা আমাদের দেশের সরকারের!! ভারত সরকারের মৌনতা ওদের সাপের পাঁচ পা দেখতে সাহায্য করছে!!",12/8/2024 9:00
2.59E+15,Chiranjit Ghosh Chiranjit Ghosh,সাতদিন নয় ৫০ বছর চলে গেলেও তোমরা জয় করতে পারবে না। ছেড়া লুঙ্গি দেশ বাংলাদেশ 😭😭😭,12/8/2024 11:00
8.12E+14,Soumen Ghosh,Joy Sree Ram,12/8/2024 18:00
1.18E+15,Ankur Debnath,ভারতের মানুষ হিসু করে দিলে বাংলাদেশ ভেসে যাবে।,12/8/2024 18:00
2.45E+15,Basudeb Mandal,Very funny 🤣🤣,12/8/2024 12:00
1.28E+15,Manoj Pal,পাগল ছোদা পাগলের দল বাংলাদেশের মানুষ,12/8/2024 12:00
9.24E+14,নূর নবীজীর গুনাহগার উম্মত,ইসলাম জিন্দাবাদ জিন্দাবাদ জিন্দাবাদ 🕋🤲🥹,12/8/2024 16:00
4.52E+14,Md Prokash,লন্ডন থেকে বা*** পালাইতে আসছে,12/8/2024 9:00
1.89E+15,Biplob Sharma,জয় বাংলা,12/8/2024 9:00
1.12E+15,Rabindra Sikadar,জয় জয় শ্রীরাম 🚩🚩🚩🚩,12/8/2024 11:00
9.56E+14,Mantosh Das,আমি হিসু দিলে বাংলাদেশ দখল হয়ে যাবে,12/8/2024 12:00
1.11E+15,Ajoy Kumar Das,The cheapest labour country of the world,12/8/2024 10:00
9.37E+14,Sanjoy Barui,কে হরি দাস পাল রে 😂😂😂😂,12/8/2024 13:00
4.48E+14,Prasanjit Maity,"এ বুড়ো বলতে বলতে কেঁপে যাচ্ছে ,সে কি করে কলকাতা দখল করবে 😄😄😄",12/8/2024 11:00
5.88E+14,স্বপ্নের রাজকুমার,Wow. Nice. 🇵🇰🇵🇰🇵🇰🇧🇩🇧🇩🇧🇩🇧🇩🇧🇩🇧🇩🇧🇩🇧🇩🇧🇩🇵🇰🇵🇰🇵🇰🇵🇰🇧🇩🇧🇩🇧🇩,12/8/2024 10:00
1.11E+15,Panna Mayra,Bal chirbi,12/8/2024 14:00
5.67E+14,Ratan Mondal,এই ক্যাংলাদেশ মূর্খ সব কি কই না কই এরা নিজেরাই জানে না 🤣🤣🤣কিছু দিন আগে ফারাক্কা সামনে বাঁধ দিয়ে দিয়ছে এখন আবার কি কই বান চোড গুলো কি কই না কই কংলাদেশ 🤣🤣🤣আলু কিনা টাকা নাই যুদ্ধ।।তোদের সাথে যুদ্ধ করা লাগবে না তোরা নিজেরাই নিজেদের সাথে মারা মারি করে মরে যাবি 🤣🤣🤣,12/8/2024 13:00
1.10E+15,Dipankar Dutta,"বুড়োর ভিমরতি হয়েছে। ভারতীয় সেনা, পশ্চিমবঙ্গ পুলিশ তো দূর অস্ত,পশ্চিমবঙ্গ
ের সিভিক যথেষ্ট।",12/8/2024 12:00
1.30E+15,আগামী অপেক্ষা,এই ব্যক্তি টাকে দেখে বোঝা যাচ্ছে উনি লন্ডনে । থাকে ঠিক কিন্তূ লন্ঠন জ্বালিয়ে কুত্তা চরাতেন। আসলে দাদা ওনার মাথা ঠিক নেই,12/8/2024 10:00
3.90E+15,Kishore Kumar Bhadra,জয় শ্রীরাম,12/8/2024 11:00
5.34E+14,Minush Debbarma,Tripura তোমার বাবার জায়গা না।এত সহজ হবে না জীবনে অসম্ভব বাংলাদেশ খুব সাবধানে কথা বলেন tripura তে দেববর্মা জাত আছে সাবধান।,12/8/2024 13:00
3.83E+15,Dipankar Ghosh,জয় শ্রী রাম,12/8/2024 11:00
1.52E+15,Biswanath Roy,যদি দম থাকে বাংলা দেশ বোড়ার পার করে দেখেও তাহলে বুজবো দেখি কত দম,12/8/2024 9:00
1.13E+15,Dipankar Dutta,ঐ বুড়োর পেছনে বোফর্স এর গোলা দিয়ে সোজা লণ্ডনে পাঠিয়ে দিতে হবে।,12/8/2024 13:00
1.24E+15,Dilip Paul,"মানুষের রক্ত কাজ করছে না, অন্য কিছু",12/8/2024 11:00
1.30E+15,Ratan Mondal,আমাদের কোলকাতার ব্যাঙে যদি পেশাব করে তাহলেই তো বাংলাদেশ ভেসে যায় আবার কলকাতা দখলের স্বপ্ন 😃😃😃😃😃😃😃😃😃,12/8/2024 15:00
9.37E+14,Mizanur Rahman Mridha,আসলে এই প্রাক্তন সেনা কর্মকর্তারে গাজা খাওয়াইয়া ঘুমিয়ে রাখুন।,12/8/2024 10:00
1.29E+15,Shreya Ghosh Paul,Ki bolbo bujte parchina tobe Bap Bapehoy,12/8/2024 16:00
5.74E+14,Misti Debnath,বাংলাদেশর লোক পাগল হয়ে গেছে🤣🤣,12/8/2024 11:00
3.94E+15,Raju Mondal,Sorer bachara Amara jodi toder deser opor diye hate gele Tora more jabi .Yunos ke bole dis,12/8/2024 14:00
2.03E+15,Chanchal Halder,তোদের জন্য কলকাতার সোনাগাছি ফাকা আছে,12/8/2024 18:00
1.62E+15,Sukumar Dutta,"উইনুস তো জঙ্গী তৈরি করার কারখানা খুলেছে।১৮ কোটি বাঙালি মানুষের জীবন, সম্পদ ও ভবিষ্যৎ নিয়ে ধ্বংসের খেলায় মেতে উঠেছে। বাংলাদেশের শিক্ষিত, শুভবুদ্ধি সম্পন্ন মানুষের উচিত উইফোড় চাইনুসকে ফাঁসিতে ঝোলানোর সময় এসেছে।",12/8/2024 12:00
2.42E+15,Kuntal Chakraborty,"Addhek Kolkata -er lok jodi Mati theke dhil tule Bangladesh-e chore, ota dokhol hoye jabe. Lungidesh lungi chere bhoye dhuti khujbe.",12/8/2024 10:00
9.08E+14,Abhi Aquarium,Laura benladesh,12/8/2024 13:00
1.84E+15,Mitali Biswas,ওরে কে আছিস ওকে এক গ্লাস লেবু জল দে ওর অবস্থা খুব খারপ 🤣😂🤣😂🤣🤣,12/8/2024 12:00
2.34E+15,Pralay Mondal,এক প্রকার কলকাতা দখল করে নিয়েছে। আমরা যদি এখনো উদাসীন থাকি।,12/8/2024 10:00
3.46E+15,Chiran Das,ওরা যদি আমাদের সাথে যুদ্ধ করতে চায় তাহলে আমাদের কোন হাতিয়ারের দরকার নেই মুতে দিলেই বাংলাদেশ শেষ 😂😂😂,12/8/2024 16:00
6.22E+14,Suporna Parui,জয় শ্রী রাম।। আবারো বোলবো।।,12/8/2024 20:00
4.82E+14,বাড়ির ছোট ছেলে,"বাংলাদেশের মারা পাখনা গেজছে 😡😡
আরে আমাদের West Bengal মানুষ মুতে দিলে বাংলাদেশ ডুবে যাবে 😂🤣🤣",12/8/2024 13:00
1.24E+15,SusAnta Das,আমাদের ভারতবর্ষে যা জনসংখ্যা আছে আমরা হিসু করে বাংলাদেশকে ভাসিয়ে দেবো।,12/8/2024 11:00
6.11E+14,Naru Gopal Ghosh,পাগল নাকি?,12/8/2024 10:00
4.49E+14,Utpal Pal,চাচা আস্তে চেচান টুনটুনি খুলে পড়ে যাবে। পাগলের প্রলাপ,12/8/2024 12:00
1.34E+15,Sakir Al Amin,মলম বিক্রির সাংবাদিক,12/8/2024 16:00
8.79E+14,Avijit Saha,"Pagol, chhagol,verar dol",12/8/2024 9:00
9.73E+14,Subho Roy,Kolkata Ashley rasgulla Khao,12/8/2024 10:00
5.55E+14,Babai Nag,Kolkata ki lungie-r tolar alu naki je chailei dakhol kora jay 🤣🤣🤣,12/8/2024 21:00
1.30E+15,Bikash Barman,মোহাম্মদ ইউনু স পালিয়ে যাও।,12/8/2024 13:00
1.27E+15,Islam Uddin,"বাংলাদেশের কিছু কিছু পাগল আছে
ইন্ডিয়ার ও কিছু কিছু পাগল আছে
দুইটা দেশকে তারা অস্থিশিল করে রাখার জন্য
যথেষ্ট",12/8/2024 12:00
5.91E+14,সফিরুল সেক,Bangladeshi,12/8/2024 12:00
3.85E+15,Dilip Paul,"সবাই তেল গরম করে রাখো, কিমা বানিয়ে খাওয়া হবে",12/8/2024 11:00
4.84E+14,Ranajit Chatterjee,"EI HANGLA DER K JABDO KORTE AAMADER SENA BAHINI PROYOJON HOBEY AAMRA KOLKATA BADI RAI JATHESTO,",12/8/2024 10:00
1.10E+15,Chiran Das,আমরা যদি মুইতা দেই তাহলেই বাংলাদেশ শেষ ওদের অস্তিত্ব খুঁজে পাওয়া যাবে না এত ফুরফুর ভালো না বাংলাদেশ যেন বেশি ফুরফুর না করে তাহলে তিস্তার গেট সবগুলা উঠায় দিবো 🤣,12/8/2024 16:00
5.23E+14,Tapash Sarkar,কানের নিচে ধাপ্পোর না খাওয়া পর্যন্ত ওরা ভুলভাল বকতে থাকবে।,12/8/2024 12:00
8.86E+15,Prabhat Rana,পাগলরা বলে কী,12/8/2024 16:00
9.93E+14,Lakhi Dutta,Gaja khor futo kolsir aawaj besi 😛😛,12/8/2024 9:00
2.08E+15,Yusuf Ali,হয়তো ওরা ওদের অবাক ভুলে গেছে,12/8/2024 15:00
9.56E+14,Bubai Samanta,বাংলাদেশ চুল ছিড়বে,12/8/2024 12:00
1.69E+15,Barun Das,ভিখারি দেশের লোকেরা এইসব করে ওখান কার সাধারণ মানুষ কে ভুল বোঝাতে চা,12/8/2024 14:00
4.34E+14,Subro Tanti,"কলকাতা খেলা না যে ওরা আসবে আবার দকোল করবে হাশালে 😂
ওদের বাংলাদেশ যোতো জোনো সোখা নেই তাই থেকে অনেক বেশি কলকাতা বাসিন্দা আছে",12/8/2024 20:00
1.35E+15,Mampi Ghosh,দাদু তো ঠিকমত কথাই বলতে পারছে না আবার কলকাতা দখল করতে আসছে 🤣🤣🤣🤣🤣🤣🤣🤣🤣,12/8/2024 12:00
3.98E+14,Mampi Ghosh,মূর্খ বাংলাদেশ 🤣🤣,12/8/2024 11:00
9.26E+14,Surojit Roy,জয় শ্রী রাম,12/8/2024 15:00
5.63E+14,Îts Mê Jûí,Aai to akbar,12/8/2024 22:00
1.99E+15,Chiranjit Roy,ছুরি পোরে thak Bangladesh,12/8/2024 12:00
1.49E+15,Gopal Shil,স্বপ্ন দেখা ভালো 🤣🤣🤣,12/8/2024 11:00
9.51E+14,Md. Rajib Ahmmed Raju,লা ইলাহা ইল্লাল্লাহ মুহাম্মদ রাসূলুল্লাহ,12/8/2024 23:00
1.52E+15,Tusar Suter,Matha thik nei 😄😄,12/8/2024 14:00
1.23E+15,Chiran Das,Bangladeshi my re baap madarchod,12/8/2024 16:00
1.02E+15,Krishna Mandal,ফুল পাগল,12/8/2024 17:00
5.63E+14,Pradip De,সোজা হয়ে হাঁটতে পাচ্ছে না 😆😆,12/8/2024 13:00
1.74E+15,Bijoy Saha,Joy Hind,12/8/2024 10:00
4.82E+14,Sahadev Kisku,Baal 🖕🖕🖕 Bangladesh,12/8/2024 19:00
7.00E+15,Pampa Singha,Abr ruti koyek din por oder ke Daan kore hobe 😂😂😂😂😂,12/8/2024 18:00
6.02E+14,Tapas Barman,আমাদের শরীরে কি রক্ত নাই।,12/8/2024 13:00
2.71E+15,Mithun Modak,ছেঁড়ার ক্ষমতা নেই ভোর বেলায় উঠে বসে থাকে,12/8/2024 12:00
1.76E+15,Debu Murmur,Unke kutta kam diye the,12/8/2024 13:00
1.71E+15,সজীব দে,"তোমরা ভারত বাসী হাত পা গুছিয়ে,, বসে থাকো হাতে ছুড়ি পরে",12/8/2024 13:00
3.76E+15,Pritam Nandy,যতসব পাগলাচোদা গুলো,12/8/2024 12:00
9.25E+14,Abhijit A J Abhi,এত পাগলের পাগলামি ছাড়া আর কিছু না।,12/8/2024 10:00
9.20E+14,Chuttu Palit,বাংলাদেশের আর্মি ও পশ্চিম বঙ্গের সিভিক এর। জুদ্ধ হবে ।😆😆😆😆😆,12/8/2024 13:00
1.74E+15,Aditya Dolai,আমাদের 10 জন সেনাই যথেষ্ঠ বাংলাদেশ কে মিনিটের মধ্যে উধাও করে দিতে 💪💪💪,12/8/2024 13:00
3.51E+15,Ripan Halder,আমি ইণুস কে দুই মিনিট ঠান্ডা করতে পারি,12/8/2024 23:00
8.93E+14,Mangaldip Ghosh,Jai Shri Ram,12/8/2024 20:00
5.79E+14,Suvo Mondal,তোদের ক্ষমতা থাকলে বর্ডার পার হয়ে দেখা,12/8/2024 20:00
5.62E+14,Paritosh Barman,Tomra ki soinik tomra tomader nijera nijera destai sadhin korte paronai,12/8/2024 14:00
2.99E+15,Md Nasir Ali,Kolkata pede uriye debe ayy😂😂,12/8/2024 11:00
5.89E+14,Soumen Das,"কলকাতার মানুষ মুতলে ,বাংলাদেশ ভেসে যাবে",12/8/2024 15:00
4.45E+14,Sarajit Dhali,pagoler mela,12/8/2024 12:00
9.33E+14,Swarup Ghosh,আপনার শ্বাসকষ্ট আছে ভারতে আসুন টিটমেণট নিন,12/8/2024 10:00
1.32E+15,Khalek Sk,Sat jonme parbe na No Nevar,12/8/2024 22:00
1.29E+15,Kohinur Nath,জয় শ্রী রাম 🙏🙏🙏🙏🙏,12/8/2024 11:00
1.11E+15,Tapas Barman,স্যার দুই দিনের ভিতর আমি বাঙলা দেসের pri minister হবো এটা আমার কথা,12/8/2024 13:00
8.78E+14,AshisRiya,Juddho korar dorkar nai India lok mote dile Bangladesh r thakbe na r,12/8/2024 12:00
1.21E+15,Liton Noor,তোমরা তো বাংলাদেশ থেকে গ্যাস নিয়ে যাও আর অন্য কিছু নিয়ে যাও তোমাদের কথা কেন বলো না।,12/8/2024 12:00
9.98E+14,Sujit Halder,এনার চিকিৎসা করার খুব প্রয়োজন।,12/8/2024 11:00
1.49E+15,Bapi Mondal,ভারত মাতা কি জয়,12/8/2024 11:00
5.10E+14,Bikash Roy,জয় শ্রী রাম 🚩🚩🚩🚩,12/8/2024 10:00
1.25E+15,Ranadhir Datta,কোলকাতা দখল তো আগেই হয়েই আছে।,12/8/2024 12:00
2.01E+15,Alam Molla,আমার তো মনে হয় দুটো দেশ যদি দাঙ্গা লাগাতে হয় লাগাবে এই সাংবাদিকরা এদের কারণেই দেশটা শেষ হবে এত কেন চুল করছে আমার বুঝে আসেনা,12/8/2024 18:00
1.04E+15,Pintu Laha,পাগল ছাগল লোক,12/8/2024 12:00
4.35E+14,Babli Sen,তোরা বাল ঝিরবি,12/8/2024 14:00
5.04E+14,Amit Dutta,পাগল ছাগল মানুষ,12/8/2024 14:00
1.30E+15,Nivedita Maiti,Pipiker pakha gojai moriber tore,12/8/2024 13:00
1.12E+15,Ashu Barman,ভালোমতো কথা কথা বলতে পারেনা আবার বলকি কোলকাতা দখল করবে পাগল সালারা,12/8/2024 12:00
9.19E+14,Ajit Kumar Roy,Jay India,12/8/2024 22:00
3.84E+15,S K. Salman,পাগলগুলা অনেকদিন যাবত অনাহারে ছিল একবারে খাওয়ার লোক করতেছে,12/8/2024 10:00
1.69E+15,Ajay Saha,বাপি বাড়ি যা 😁😁,12/8/2024 15:00
1.64E+15,Apurba Sen,মামার বাড়ির আবদার,12/8/2024 14:00
1.91E+15,Susmita Barman,Kotha kar pagol aisob,12/8/2024 17:00
1.09E+15,Apurba Sen,পাগলা কুকুর,12/8/2024 14:00
3.80E+15,Babai Roy,"🐕🐕🐕🐕 bhok na bala khuta akhabi khat ta nahii...apni oqut ma rahoo.....gandu
sala",12/8/2024 12:00
9.20E+14,Prasanta Prasanta,ওরা বাল ছিড়ে নেবে ।,12/8/2024 12:00
4.59E+14,Goutam Malakar,Pa kapchhe. Dudin pore more ja. Tar abar boro poro kotha,12/8/2024 10:00
9.59E+14,J. Das,Ore pagla chodara bangladesh k mute dile bhese jabe ar bolche Kolkata dakhal korbe khankir chele ra bangladeshi,12/8/2024 13:00
5.69E+14,Subhankar Mahanta,Bangla deshi mushlim ra boka chota Chilo r thakbe,12/8/2024 18:00
5.86E+14,Rabindra Nath Hazra,কলকাতার দিকে পা বাড়লে ঠ্যাং ধরে চিরে দেয়া হবে।,12/8/2024 13:00
4.35E+14,Nur Hossain,"ঐখানে আলু, বিদ্যুৎ, সিমেন্ট আছে বিদায় কলকাতা, এিপুরা, চিকেন নেক আমাদের চাই।",12/8/2024 15:00
5.98E+14,Raju Mondal,Tora baglar bal chirte parbi na,12/8/2024 14:00
5.93E+14,Manab Chandra Barman,"যে কুকুর কামরায় না,সেই কুকুর ঘৈউ ঘৈউ করে । জয় হিন্দ 🇮🇳🇮🇳🇮🇳",12/8/2024 13:00
5.37E+14,Raju Mondal,A. Kon khanker chela,12/8/2024 13:00
1.43E+15,Pritam Nandy,মাথার তার কি কাটা,12/8/2024 12:00
2.80E+16,Bappa Mahata,Pagla choda kolkata ta aii akbar gar a danda dhukeya debo😁,12/8/2024 15:00
1.71E+15,Rajesh Ghosh,জয় শ্রীরাম,12/8/2024 13:00
1.08E+15,Raju Roy,Pagol choda ache,12/8/2024 11:00
9.56E+14,Gobinda Roy Roy,পা ভাঙ্গার আওয়াজ শুনুন।,12/8/2024 9:00
4.39E+14,Røbî Bhõwmíçk,উনি বড় পাগল চ*** হয়ে গেছে,12/8/2024 11:00
5.44E+14,Saraj Pradhan,পাগল,12/8/2024 13:00
1.08E+15,Sumit Singh,"Apni London naa apni land yeh tha ken,farakha dam open kore debu gandu Kaku .",12/8/2024 23:47
6.41E+14,Raj Ray,তেরে বাদ কি বাস নেহি তেরে বাপ কো ভেজ,12/8/2024 15:00
5.63E+14,Anup Patari,গান্জা র নেশা 😀😀😀,12/8/2024 19:00
5.54E+14,Saral Rahman,শালা গাধার বাচ্চার,12/8/2024 19:00
9.11E+14,Sujan Bairagi,Thik kore hatte pare na abar Kolkata dokhol korbe asuk Besone chubiye bheje khabo,12/8/2024 17:00
9.27E+14,দুষ্টু ছেলে শান্ত মন,R বাংলা বিজেপির দালাল,12/8/2024 14:00
4.55E+14,Debu Mondal,পোদের বোটা ধরে বন বন করে ঘোরাবো...,12/8/2024 10:00
2.77E+16,Md Khairul,কি বল শুরু জয় বাংলা দেশ,12/8/2024 15:00
4.26E+14,Debdas Barman,O der matha kharap ache😀😀😀😀😀😀,12/8/2024 11:00
4.97E+14,Nazmul Hasan,পাগলের ঠিকই বলে বিজেপির সাংবাদিক গুলো পার্টি ছাগলের মতন পেপে করতেই জানে। এদের তো কোন খেয়েদেয়ে কাজ ধান্দা থাকেনা সব সময় এদের কাজ হল দেশজুড়ে দাঙ্গা করা এটা দেশের উন্নতি কি করে করব সে চিন্তা থাকে না এদের সবগুলো মূর্খোর দল,12/8/2024 18:00
1.35E+15,Soumen Ghosh,Joy Sree Ram,12/8/2024 18:00
1.17E+15,Rakesh Samanta,Kolkata gar maralo,12/8/2024 10:00
4.65E+14,Aritra Mondal,আমরা ফারাক্কা দিয়ে মুতলে তোরা ভেসে যাবি 🤣🤣🤣,12/8/2024 18:00
1.77E+15,Amiya Das,বাংলাদেশের লোকেরা জানিনা তৈরি করতে পারে না শালা প্যান্ট পরতে পারে না,12/8/2024 12:00
9.38E+14,Tawkib Molla,তোগো মাথায় কি গু ❓,12/8/2024 11:00
1.11E+15,Ankita Sarker,"না খেয়ে খেয়ে,পাগল হয়ে গেছে।",12/8/2024 15:00
8.80E+14,Nitai Sarkar,Aaso Uttar Pradesh e Baba Radey,12/8/2024 10:00
1.64E+15,Kartick Talukdar,দাদুর 20 টাকার মাল মাথায় উঠে গেছে,12/8/2024 10:00
1.24E+15,Debasis Rana,ইউরিন সরকার,12/8/2024 18:00
4.52E+14,Ratan Mondal,ফেস বুক ফটোর ফটোর তোদের হলে বিচি আছে যদি থাকে তাহলে ভারতে কিছু তো করে দেখা তাহলে বুজবো তোদের হলে বিচি আছে 🤣🤣🤣🤣🤣🤣🤣,12/8/2024 13:00
2.76E+16,Naser Prodhan,"ভারতে নির্বিচারে চলছে সংখ্যা লঘু মুসলিম নির্যাতন।
একের পর এক মসজিদ বন্ধ করে দিচ্ছে দেশটির পুলিশ। বেছে বেছে মুসলিমদের টার্গেট করছে ভারতের পুলিশ।",12/8/2024 9:00
4.44E+14,Raju Haldar,আমাদের কলকাতা,12/8/2024 10:00
8.96E+14,Narattam Halder,একেই বলে ফুল তারকাটা,12/8/2024 15:00
7.92E+15,Bappa Das,আরে পাগল বুড়ো তোর বয়স হয়ে গেছে বলে মাতার তার কেটে গেছে🤣,12/8/2024 13:00
5.59E+14,Prahlad Singh,Toder baba dum nahi,12/8/2024 13:00
1.10E+15,Litan Mondal,"1971 jonmo to tai
Babar ktha mnapracha",12/8/2024 11:00
1.78E+15,Kamolesh Roy,"কিবলে,,দাদা,ভাই
, 🌍😐",12/8/2024 15:00
8.94E+14,Nayan Chowdhury,Hader put aa full pagol pora bangaladesh pagol goro khowra dall...,12/8/2024 13:00
5.83E+14,Abu Horiara,"বিহার, ত্রিপুরা, বাংলা, আসাম, মনিপুর, নিয়ে নতুন বাংলাদেশ করা হবে",12/8/2024 12:00
9.86E+14,Chhanddan Thakur,Amader sealdah e hawrah statione ja iidur ache tarai toder nunu kheye ses kore debe ......hulochoda,12/8/2024 12:00
1.09E+15,Suvendu Nath,Abal chelo jantam ato din dhore abr to dheakche pagol hoye geche🇧🇩😜😜🥳,12/8/2024 11:00
1.74E+15,Kusum Halder,Pagol,12/8/2024 13:00
5.69E+14,Gopal Bhunia,এরা পাগল হয়ে গেছে,12/8/2024 13:00
6.06E+14,Sanjoy Mondal,পশ্চিম বঙ্গের যা লোকজন আছে যদি মুতে দেয় বাংলাদেশের মানুষের মারা যাবে,12/8/2024 15:00
5.23E+14,Ananda Barman,💔Matha thik aache tomader Banlades💔,12/8/2024 20:00
5.30E+14,Ranjit Kayal,Salar mone hoy pet garam hoye che,12/8/2024 13:00
1.13E+15,সাথী হারা জীবন,পাগলচোদা কলকাতা দখল করবে😄,12/8/2024 13:00
5.59E+14,Dipok Mahalder,ভাই ও স্টোক করল। একটা প্রেসারের বড়ি দেন।,12/8/2024 11:00
5.91E+14,Biswajit Dasthakur,পাগল চোদা সৈনিক 😂,12/8/2024 11:00
1.74E+15,Pabitra Sing,"পাগলের বাব, আস্ত ছাগল।",12/8/2024 15:00
9.70E+14,Mrinal Mondal,MANUS PAGOLHOLE AROKOM HOY,12/8/2024 14:00
1.39E+15,Litan Mondal,Murkho ka ja sanata chakri diacha,12/8/2024 11:00
1.12E+15,Maruf Sk,Pagol,12/8/2024 13:00
5.97E+14,Gosai Ghosh,Joy Shree Ram,12/8/2024 13:00
1.48E+15,Krishna Mandal,হরে কৃষ্ণ,12/8/2024 17:00
1.29E+15,Tutul Dutta,বোকাচোদার দল ফুল বাড়িতে গেট খুলে দিলে কোথায় চলে যাবি,12/8/2024 12:00
9.27E+14,Chatterjee Subrata,প্রাক্তন সেনা হাই-পেসার এর পেসেন্ট মনে হয় ।,12/8/2024 13:00
3.83E+15,Kumar Mal,Ak bar dakta chiy,12/8/2024 23:00
6.01E+14,Ƀĩȿɯạɉĭṱ Mầʟîĸ,Ay boka choda toder chire kheye mobo poshchim bangla r manus,12/8/2024 12:00
1.75E+15,Alok Bunti Bag,Or matai jal dal,12/8/2024 10:00
1.30E+15,Subha Roy,Bangladesh Dimer vitore Aashe😂😂,12/8/2024 19:00
9.28E+14,Sachin Barman,Dadu tomar dat khule pore jabe aktu samle kotha balun😁😁😁,12/8/2024 13:00
9.01E+14,Aditya Chatterjee,Hizradesh,12/8/2024 12:00
5.55E+14,Prabir Ghosh,Kichoo deen jabot valo mondo na khete na pere gass hoe geche ei muhurte amader india ar ekta baad chere dile ki korbe,12/8/2024 13:00
1.52E+15,Surajit Banerjee,উনিতো তো ঠিক করে কথা বলতে পারেনা উনি আবার কলকাতা কিভাবে দখল করবে 😂😂😂,12/8/2024 11:00
2.94E+15,Akas Das,ছিঁরে আঁটি বেঁধে রাখবে। আমরা চুঁড়ি পরে বসে আছি মনে হয়।,12/8/2024 10:00
1.10E+15,Amal Das,Bharat Sarkar Bangla desh ke land Dhara le theek chalo Joy shree Ram mode ge kukur ke kukur mutton Salman Quora,12/8/2024 12:00
2.10E+15,Prasanta Naskar,হাঁপানি হয়েছে,12/8/2024 12:00
1.11E+15,Anarul Gharami,Republic kuttar baccha,12/8/2024 12:00
1.13E+15,Prodipta Mallika Sardar,লন্ডনে মনে হয় ভাটভুক্ত এজন্যই লন্ডন থেকে তাড়িয়ে দিয়েছে,12/8/2024 10:00
1.27E+15,Dipak Kumar Biswas,জয় শ্রী রাম,12/8/2024 23:03
1.16E+15,Khalek Sk,Bal katte parbi na,12/8/2024 22:00
1.13E+15,Raju Sarkar,khapa hoya gala,12/8/2024 12:00
4.82E+14,Nikhil Biswas,Eni nirghat bolir batha hoyechhen.,12/8/2024 17:00
4.32E+14,Dulal Mallik,"কিছু কিছু ব্যাপারে আমার খটকা লাগছে, মমতা আবার বাংলাদেশের হাতে আমাদেরকে বিক্রি করে দেয় নি তো।",12/8/2024 13:00
4.99E+14,Shubho Shubho,খানকির ছেলে কোলকাতায় আই তোর মাকে মাসি বলবো।,12/8/2024 13:00
8.73E+14,Subrata Pal,পুরোটাই পাগল,12/8/2024 16:00
1.13E+15,Raja Roy,Eder theke amader sekha Uchit.. akota,12/8/2024 11:00
3.97E+15,জি এম,তোরা সৈনিক এতদিন মরিস না এইবার শালা তোরা মরবি ইন্ডিয়া সঙ্গে পাঙ্গা নিয়া তোর চুলগুলো পড়ে থাকবে কিন্তু মাথা থাকবে না।,12/8/2024 20:00
1.09E+15,Atanu Mondal,Akono westbengal Archary asociocion and India Archary asocison akhono mara jaini all archari asocison mate namle palanor poth pabi na.,12/8/2024 14:00
2.73E+15,Parimal Vishwas,বাংলাদেশ পাগলা হয়ে গেছে।,12/8/2024 11:00
1.65E+15,Sajal Sarker,জয়ের টাকা খেয়ে স্বৈরাচার আওয়ামী লীগের দালালি করা সারাদিন,12/8/2024 9:00
8.87E+14,Babul Sutradhar,Kolkata ki toder baper sampatti chaile paya jai sala,12/8/2024 22:00
3.84E+15,Ratna Barmam,Bangladesh holo matha mota murkher des,12/8/2024 17:00
1.83E+15,Biswajit Barui,জয় শ্রী রাম,12/8/2024 13:00
1.10E+15,Litan Mondal,Dada hapanir tan utacha kolkata asar aga na hatfal kra,12/8/2024 12:00
7.54E+14,Biplab Saha,Sob pagol ki Bangladesh eai,12/8/2024 11:00
3.29E+14,Subhas Kayal,মালটা ফূল পাগল😆😆😆🤣🤣,12/8/2024 13:00
3.03E+14,মিলটন সাহা সাহা,পাগল,12/8/2024 10:00
6.05E+14,Aidul Shaikh,তোর বাপের কলকাতা,12/8/2024 17:00
4.65E+14,Soumitra Bhattacharjee,Kukur voi pele dake,12/8/2024 16:00
9.48E+14,RajKumar Dolui,ওরা ছিঁড়বে,12/8/2024 13:00
1.11E+15,Sankar Mondall,তুমি লন্ডন থেকে চুল্লু খেয়েছো,12/8/2024 10:00
1.11E+15,Arpita Mondal,আরে পালা চৌদা,12/8/2024 12:00
3.82E+14,সুমন সুমন,"আরে, আমাদের কলকাতা পুলিশে জব্দ করে দেবে। সেনাবাহিনীর প্রয়োজন হবে না আমাদের কলকাতা পুলিশে ঢাকা দখল করে নেবে।",12/8/2024 10:00
5.67E+14,Kritika Roy,Magir bacha ra,12/8/2024 14:00
1.26E+15,Chanchal Manna,"পিপিলিকার পালক্য গজিয়েছেবাংলাদে
শের",12/8/2024 13:00
1.99E+15,Suman Adhikari,O sala matal.,12/8/2024 10:00
2.14E+15,Parimal Kundu,পাগলে কিনা বলে ছাগলে কিনা খায়,12/8/2024 20:00
9.86E+14,Sujan Biswas,Sala মাতাল 😂😂😂😂,12/8/2024 21:00
8.92E+14,Amiya Mandal,বাউটার।মুখ টাইম হবে না,12/8/2024 12:00
9.69E+14,Biswajit Deb,বোকা।,12/8/2024 11:00
1.13E+15,Avijit Mondal,বড়ো পাগোল,12/8/2024 21:00
1.22E+15,Maha Dev Dolai Deba,ওরা মানুষ না,12/8/2024 12:00
1.38E+15,Milan Seka,তোর বাড়ি কোথায় রে ভাতিজা,12/8/2024 19:00
1.36E+15,Bhajan Kr Halder,বাংলাদেশের যে লোকটা বক্তব্য রাখছে ওকে হার্টের চেকআপ করার নাইলে হার্ট অ্যাটাক হয়ে যাবে,12/8/2024 13:00
9.22E+14,Arindam Kayal,Faltu footage diye ki hobe,12/8/2024 11:00
1.11E+15,Debasish Mondal,ইন্ডিয়া এখনি জল ছাড়লে বাংলাদেশ ডুবে গিয়ে সব ঠান্ডা হয়ে যাবে 🤣🤣🤣🤣🤣,12/8/2024 23:00
9.89E+14,Gautam Singha,Full pagla,12/8/2024 13:00
1.14E+15,Maha Dev Dolai Deba,আমরা আছি কবে যাবো বলবেন,12/8/2024 13:00
3.76E+14,Haripada Mandal,বয়স হয়ে গেছে তাই বুর পাগল হয়ে গেছে 😁,12/8/2024 13:00
1.22E+15,Tapas Pramanik,Hege dhute jane na ...era abar kalkatay asbe,12/8/2024 9:00
3.51E+15,Susanta Barman,পিপীলিকার পাখা গজায় মরিবার তরে.,12/8/2024 19:00
2.52E+15,Amalesh Das,Matha ta dakha bokachoda,12/8/2024 12:00
1.07E+15,Tapan Das,"বাংলাদেশ কে বলছি, পাকিস্তান আপনাদের কে কোন ব্র্যান্ড এর এলকোহল খায়েছে 🤣🤣🤣একটু বলবেন 🤣 চড়ে গেছে 😄😄😄",12/8/2024 11:00
9.48E+14,Prodip Mundo,পাগল,12/8/2024 10:00
8.88E+14,Siva Contresan,বাংলাদেশ আমাদের কাছে চুনোপুটি জলের গেট খুলে দেই ওরা ভিজে যাবে,12/8/2024 12:00
1.29E+15,Shankar Naskar,জয় শ্রী রাম,12/8/2024 14:00
1.21E+15,Dip Rajbongshi,Ader ke balo ta na halo atek mere dibo😝😝😝😝😝 madarchod,12/8/2024 12:00
6.11E+14,Tapas Pramanik,Ase dakh tar pore bujhte parbi ...,12/8/2024 9:00
1.83E+15,Mahasin Ali,Tora Bangladesh ar ra ki pagol naki vi toder bal gejeche ki kolkata dokhol korar kotha vabos pessab kore dile Tora dibe jas sala ra,12/8/2024 11:00
4.62E+14,Mamon Basu,কথা বলতে বলতে যে হাপিয়ে যাচ্ছে ।আবার কলকাতা দখল করবে ।শালা কাটুন,12/8/2024 16:00
9.61E+14,Basudeb Mandal,Joy shree ram,12/8/2024 12:00
1.37E+15,Susmita Tripura Tripura,জয় শ্রী রাম।,12/8/2024 17:00
1.31E+15,Suvendu Nath,Kau onake oxygen de Kano kichu hoye gele abr bolbe 🇮🇳 jonno hoyche,12/8/2024 11:00
1.29E+15,Ananda Saha,এনাকে পাগলা গারদে দেওয়া দরকার মাথাটা খারাপ হয়েছে,12/8/2024 11:00
1.57E+15,Krishna Mandal,পেটের ক্ষ্যাপা,12/8/2024 17:00
1.10E+15,Meghna Sultana,Mukh diye valo kore kotha ber hoina tara abar Kolkata dokhol korbe 😏,12/8/2024 15:00
9.06E+14,Saidur Rodish,তোদের কে এক কথাতেই আধাপেটা করে রেখেছি দেখতে পাচ্ছিনা,12/8/2024 9:00
1.11E+15,Sanyashi Sardar,Age kolkatay ai tar por kotha hobe,12/8/2024 20:00
6.02E+14,Subir Kumar Mondal,Bal Chari nabin.,12/8/2024 12:00
1.35E+15,Bapi Barman,B.chirbi,12/8/2024 11:00
6.15E+14,Indra Ghosh,Sala pagla c k b r m b a,12/8/2024 9:00
5.93E+14,Kartik Biswas,DADA ASSAN KOLKATA TA,12/8/2024 18:00
9.09E+15,Saiful Islam,PAGOLE KI NA BOLE,12/8/2024 16:00
8.94E+14,Abhi Aquarium,Fokcddo benladesh,12/8/2024 13:00
1.09E+15,Prabhat Maity,Sala ke golf kore mar,12/8/2024 11:00
1.09E+15,Dipak Bhattacharjee,কলকাতার বাল ছিড়ে তাল গাছে উঠাবে ইউনু,12/8/2024 21:00
5.04E+14,Bikash Chandra Mistri,বাংলা দেশ ছেড়ে পালাবে ওই পাগলা সৈনিক। ওর মাথার চিকিৎসা করতে হবে।,12/8/2024 13:00
4.02E+15,Sourav Das,Dom a6e ami be6e a6i,12/8/2024 12:00
8.87E+14,Tapan Mondal,Kothakar pagal choda a,12/8/2024 12:00
1.45E+15,Khokan A Sarkar,Bal falave,12/8/2024 18:00
1.11E+15,Santanu Koley,এরাসব তারকাটা গানডু,12/8/2024 15:00
1.63E+15,Radhapada Bera,Pagol ar polap,12/8/2024 13:00
9.34E+14,Bubai Das,পিপিলিকার পাখনা হয় মরিবার তরে,12/8/2024 11:00
1.10E+15,Debajyoti Naga,Ok kau jol da Mora ja akhuni 🤣🤣🤣🤣🤣,12/8/2024 21:00
9.36E+14,MT Rantu Mondal,বলছি ফারাক্কা বাধে জল এখনও আছে 😂😂😂😂,12/8/2024 14:00
8.54E+14,Rahul Roy,"Bal chhire felbe Bangladesh madhrchod...bhi
kha jaga peyeche chup kore thak",12/8/2024 13:00
6.09E+14,Sagar Halder,এই বাবা ছোদা গুলো কোথা থেকে আসে?,12/8/2024 12:00
1.66E+15,Siri Bikas,গাছে কাঁঠাল গোঁফে তেল,12/8/2024 10:00
1.92E+15,Taj Muhammad Mandal,Bokaa co prerta bllam na,12/8/2024 20:00
4.61E+14,Prasanjit Nath,পাগল হয়ে গেছে এরা,12/8/2024 11:00
1.08E+15,Sömñāth Gāñgüly,দুই দিন পরে ও মরতে বসেছে । ও আসছে আমাদের কলকাতা দখল করতে । বুড়ো বয়সে ভিমরুতি ধরেছে ওর,12/8/2024 10:00
5.95E+14,Lakshmi Kanta Sing Sardar,আমি তো বলবো বাংলাদেশকে খতম করে দাও,12/8/2024 14:00
2.31E+15,Samar Dev,Apni bal cherban,12/8/2024 12:00
1.47E+15,অমিও পণ্ডা,পাগলের প্রলাপ,12/8/2024 10:00
3.97E+14,Sibsankar Mondal,সোজা হয়ে চলতে পারে না কলকাতা দখল করবে,12/8/2024 17:00
1.29E+15,Yousuf Ali,"বাংলাদেশ কলকাতা দখল করবে এটা নিয়ে ভাববেন না ।কারণ সব কথা মুখে বলা যায় । কাজে করা যায় না । তাই অযথা এসব ভিডিও ভাইরাল করবেন না বাংলাদেশের মাথা খারাপ হয়ে গেছে, এদের কথায় কান দেবেন না",12/8/2024 14:00
5.63E+14,Ashok Naskar,আমি বড় বোকাচোদা,12/8/2024 16:00
1.92E+15,পাখি হারা মন,Joy shri ram 🤞,12/8/2024 16:00
5.52E+14,Siva Contresan,বাংলাদেশের কত বোকাচোদা আসছে আমাদের এখানে বাংলাদেশের লোক,12/8/2024 12:00
5.90E+14,Ranjan Maity,তোরা মরেগেছি,12/8/2024 17:00
4.47E+14,Surojit Sardar,"বাংলাদেশের মুতে দিলে ভেসে যাবে, ওকি কলকাতা দখল করবে",12/8/2024 12:00
1.12E+15,Mdaltaf Hussain,মুহিব রমজান বিরতি না আমরা ভারত বিদেশী,12/8/2024 18:00
5.45E+14,Suvo Deep Dutta,"এই কথা টা সোনার পরে আমি,
কি জানি কেন শুনতে পারছি না কানে,,, 😭😭😭😭😭",12/8/2024 12:00
5.59E+14,Trilochan Mishra,Are Bangladesh ki bolcho kuchh to sharm karo,12/8/2024 10:00
5.66E+14,Gour Dey,Parle border cross kar dek ki hoy,12/8/2024 10:00
2.14E+15,Biswanath Ghosh,Khanki boy,12/8/2024 14:00
1.35E+15,Sima Bijoy,"তদের এত সাহস কে দিচ্ছে ,, তোরা কলকাতা কে 4 দীন এ দখল করবি আসে বর্ডার এ টাস কোর দখল তো দূরের কথা",12/8/2024 11:00
5.76E+14,Biswajit Routh,Amader sorkar kichu korchena keno,12/8/2024 12:00
4.83E+14,Aakash Das,Toder army theke BTS army ra mone hoy beshi somman pay🤣🤣,12/8/2024 20:00
